Workbook

Sheet Instrucoes
A1: DAIR — Registro e Gestão de Incidentes
A2: Versão 0.3 · Instrumento 1 de 5 · Modelo reutilizável
A3: AVISO | B3: Este arquivo específico (sufixo _EXEMPLO-INC-2026-001) contém dados fictícios de treinamento, preenchidos a partir do cenário didático do repositório. O modelo em branco, para uso real, é o arquivo sem esse sufixo.
A4: O que é este arquivo | B4: Planilha operacional para registrar, ao longo de um incidente envolvendo dados pessoais, o cadastro do caso, a linha do tempo, as decisões, as evidências e o plano de ações, com um painel de acompanhamento consolidado.
A5: Como usar | B5: Preencha apenas as células com fundo amarelo (entrada manual). Células com fundo cinza calculam automaticamente a partir de fórmulas — não digite nelas. Use os menus suspensos sempre que disponíveis para manter a nomenclatura consistente entre instrumentos.
A6: Identificadores | B6: Adote o padrão INC-AAAA-NNN para o incidente (ex.: INC-2026-001). Eventos, decisões, evidências, ações e ciclos usam os prefixos EVT-, DEC-, EVD-, ACA- e CIC-, respectivamente, numerados sequencialmente dentro do incidente. Esses mesmos prefixos são usados nos Instrumentos 2, 3, 4 e 5 para permitir rastreabilidade cruzada.
A7: Metodologia DAIR | B7: Os waypoints (Prepare, Detect, Verify & Triage, Scope, Contain, Eradicate, Recover, Debrief) seguem a formulação original de Joshua Wright / SANS Institute. O Response Actions Loop (Scope, Contain, Eradicate, Recover) é iterativo: registre quantas iterações forem necessárias usando a coluna 'Ciclo DAIR' na aba Linha_do_Tempo e no Plano_Acoes. Não há ordem obrigatória nem limite de reentradas.
A8: Campos sem informação | B8: Quando um dado ainda não é conhecido, utilize 'Não informado' ou 'Desconhecido' nas listas disponíveis, em vez de deixar a célula em branco sem explicação ou de presumir um valor.
A9: Regulatório | B9: Esta planilha registra fatos técnicos e decisões. A avaliação de risco aos titulares e a decisão sobre comunicação à ANPD ficam no Instrumento 2 (DAIR_Avaliacao_Riscos_Titulares_ANPD_v0.3.xlsx), que deve ser consultado em conjunto — nenhuma conclusão regulatória deve ser inferida apenas a partir desta planilha.
A10: Instrumentos relacionados | B10: Instrumento 2 (avaliação de risco e decisão de comunicação), Instrumento 3 (checklist operacional dinâmico), Instrumento 4 (relatório de resposta) e Instrumento 5 (kit de comunicações). Ver guias/04-utilizar-instrumentos.md no repositório para o fluxo completo.
A11: Limitações | B11: Não há sincronização automática entre arquivos nesta versão. A contagem de prazos e os indicadores são cálculos de apoio e exigem validação jurídica e técnica. Esta planilha não declara conformidade regulatória.
A13: Legenda
A14: Entrada manual | B14: Preencher diretamente
A15: Cálculo automático | B15: Não editar — resultado de fórmula

Sheet Cadastro_Incidente
A1: Cadastro do Incidente
A2: EXEMPLO FICTÍCIO — INC-2026-001 — SOMENTE TREINAMENTO (Aurora Comércio Digital S.A., controladora fictícia)
A3: Identificador único do incidente | B3: INC-2026-001
A4: Data e horário de detecção | B4: 46314.382
A5: Data e horário de confirmação | B5: 46314.392
A6: Marco de conhecimento do controlador sobre afetação de dados pessoais | B6: 19/10/2026 09h25 — fixado após confirmação de acesso indevido a 200 registros identificáveis (E02)
A7: Descrição do incidente | B7: Acesso não autorizado a conta administrativa de CRM com uso de token de API ainda válido após bloqueio da conta, resultando em consulta indevida e posterior exportação de dados pessoais de clientes.
A8: Sistemas e serviços afetados | B8: CRM SaaS, provedor de identidade (IdP), API de integração
A9: Processos de negócio impactados | B9: Atendimento a clientes, faturamento de pedidos
A10: Responsáveis (líder IR, encarregado, demais papéis) | B10: Líder IR; Encarregado/DPO; Jurídico; IAM; Analista forense; Dono do CRM
A11: Classificação de severidade | B11: Crítica
A12: Situação atual do incidente | B12: Resposta técnica encerrada; acompanhamento regulatório em curso
A13: Dados pessoais envolvidos (categorias) | B13: Nome, CPF, telefone, e-mail, endereço, valores e datas de pedidos
A14: Quantidade confirmada ou estimada de titulares afetados | B14: 30.000 (confirmado) — titulares distintos, de uma base de aproximadamente 180 mil clientes

Sheet Linha_do_Tempo
A1: Linha do Tempo
A2: EXEMPLO FICTÍCIO — INC-2026-001 — SOMENTE TREINAMENTO (Aurora Comércio Digital S.A., controladora fictícia)
A3: ID do Evento | B3: Data e Horário | C3: Fato Observado | D3: Fonte da Informação | E3: Evidência Relacionada (ID) | F3: Waypoint DAIR | G3: Ciclo DAIR | H3: Responsável | I3: Situação | J3: Próxima Ação
A4: =IF(C4="","","EVT-"&TEXT(ROW()-3,"000")) -> EVT-001 | B4: 19/10/2026 09h10 | C4: Alerta de login de conta de suporte privilegiada em dispositivo não gerenciado (E01) | D4: SIEM / IdP | E4: EVD-001 | F4: Detect | G4: CIC-01 | H4: SOC | I4: Concluída | J4: Correlacionar IdP, CRM, API e SIEM
A5: =IF(C5="","","EVT-"&TEXT(ROW()-3,"000")) -> EVT-002 | B5: 19/10/2026 09h25 | C5: Confirmação de consulta indevida a 200 registros identificáveis (E02) | D5: Logs CRM | E5: EVD-002 | F5: Verify & Triage | G5: CIC-01 | H5: Analista forense | I5: Concluída | J5: Acionar encarregado e Jurídico; abrir avaliação v1
A6: =IF(C6="","","EVT-"&TEXT(ROW()-3,"000")) -> EVT-003 | B6: 19/10/2026 09h35 | C6: Conta bloqueada e senha redefinida (E03) | D6: IdP | E6: EVD-003 | F6: Contain | G6: CIC-01 | H6: IAM | I6: Concluída | J6: Validar revogação de sessões e tokens
A7: =IF(C7="","","EVT-"&TEXT(ROW()-3,"000")) -> EVT-004 | B7: 19/10/2026 10h00 | C7: Serviço de suporte restabelecido de forma restrita | D7: TI/CRM | F7: Recover | G7: CIC-01 | H7: Dono do CRM | I7: Concluída | J7: Manter monitoramento; não encerrar investigação
A8: =IF(C8="","","EVT-"&TEXT(ROW()-3,"000")) -> EVT-005 | B8: 19/10/2026 10h42 | C8: Exportação de 30.000 registros via token de API ainda ativo após o bloqueio (E04) | D8: Logs API | E8: EVD-004 | F8: Scope | G8: CIC-02 | H8: Analista forense | I8: Concluída | J8: Reabrir Scope e Contain; reclassificar severidade
A9: =IF(C9="","","EVT-"&TEXT(ROW()-3,"000")) -> EVT-006 | B9: 19/10/2026 10h50 | C9: Confirmação de dados e titulares distintos (E05); telemetria da cópia externa (E06) | D9: CRM / API | E9: EVD-004 | F9: Scope | G9: CIC-02 | H9: Analista forense | I9: Concluída | J9: Ampliar avaliação de risco (Instrumento 2)
A10: =IF(C10="","","EVT-"&TEXT(ROW()-3,"000")) -> EVT-007 | B10: 19/10/2026 11h05 | C10: Token revogado (E07) | D10: API | E10: EVD-005 | F10: Contain | G10: CIC-02 | H10: IAM | I10: Concluída | J10: Revisar demais tokens, sessões e integrações
A11: =IF(C11="","","EVT-"&TEXT(ROW()-3,"000")) -> EVT-008 | B11: 19/10/2026 12h10 | C11: Decisão simulada de comunicação devida (D-03) | D11: Registro de decisão | F11: Verify & Triage | G11: CIC-02 | H11: Encarregado / Jurídico | I11: Concluída | J11: Elaborar comunicações no Instrumento 5
A12: =IF(C12="","","EVT-"&TEXT(ROW()-3,"000")) -> EVT-009 | B12: 19/10/2026 15h00 | C12: Verificação de outros tokens, cobertura limitada (E08) | D12: IdP / logs | E12: EVD-006 | F12: Eradicate | G12: CIC-02 | H12: IAM | I12: Concluída | J12: Documentar lacuna de cobertura
A13: =IF(C13="","","EVT-"&TEXT(ROW()-3,"000")) -> EVT-010 | B13: 20/10/2026 14h00 | C13: Debrief e saída da resposta ativa (D-04) | D13: Ata de debrief | F13: Debrief | G13: CIC-02 | H13: Líder IR | I13: Concluída | J13: Manter follow-up regulatório
A14: =IF(C14="","","EVT-"&TEXT(ROW()-3,"000"))
A15: =IF(C15="","","EVT-"&TEXT(ROW()-3,"000"))
A16: =IF(C16="","","EVT-"&TEXT(ROW()-3,"000"))
A17: =IF(C17="","","EVT-"&TEXT(ROW()-3,"000"))
A18: =IF(C18="","","EVT-"&TEXT(ROW()-3,"000"))
A19: =IF(C19="","","EVT-"&TEXT(ROW()-3,"000"))
A20: =IF(C20="","","EVT-"&TEXT(ROW()-3,"000"))
A21: =IF(C21="","","EVT-"&TEXT(ROW()-3,"000"))
A22: =IF(C22="","","EVT-"&TEXT(ROW()-3,"000"))
A23: =IF(C23="","","EVT-"&TEXT(ROW()-3,"000"))

Sheet Registro_Decisoes
A1: Registro de Decisões
A2: EXEMPLO FICTÍCIO — INC-2026-001 — SOMENTE TREINAMENTO (Aurora Comércio Digital S.A., controladora fictícia)
A3: ID da Decisão | B3: Versão | C3: Situação Anterior | D3: Novas Informações | E3: Alternativas Consideradas | F3: Decisão Adotada | G3: Justificativa | H3: Autoridade Responsável | I3: Evidências (IDs) | J3: Data e Horário | K3: Condições de Revisão
A4: =IF(F4="","","DEC-"&TEXT(ROW()-3,"000")) -> DEC-001 | B4: 1 | C4: 200 registros confirmados, sem prova de exportação | D4: Confirmação de acesso indevido a dados pessoais (E02) | E4: Monitorar vs. aprofundar investigação | F4: Abrir avaliação de risco v1; aprofundar Scope | G4: Fatos ainda insuficientes para avaliação regulatória conclusiva | H4: Líder IR / Encarregado | I4: EVD-002 | J4: 19/10/2026 09h25 | K4: Revisar ao surgir nova evidência de exportação
A5: =IF(F5="","","DEC-"&TEXT(ROW()-3,"000")) -> DEC-002 | B5: 1 | C5: Token ainda não verificado após bloqueio da conta | D5: Exportação de 30.000 registros via token persistente (E04) | E5: Encerrar resposta vs. reabrir loop | F5: Nova iteração do Response Actions Loop; suspender exportações | G5: Primeira contenção insuficiente — token não revogado no bloqueio inicial | H5: Líder IR | I5: EVD-004 | J5: 19/10/2026 10h42 | K5: Condicionada à revogação efetiva do token
A6: =IF(F6="","","DEC-"&TEXT(ROW()-3,"000")) -> DEC-003 | B6: 1 | C6: Avaliação v1 inconclusiva | D6: 30.000 titulares, dados financeiros de pedidos, cópia externa confirmada | E6: Não comunicar vs. comunicar com ressalvas vs. comunicar | F6: Considerar atendidas as condições cumulativas do art. 5º do RCIS; preparar comunicações | G6: Condição A e B fundamentadas na avaliação v2 (Instrumento 2, AVR-02) | H6: Controlador (representante autorizado) | I6: EVD-004 | J6: 19/10/2026 12h10 | K6: Reavaliar se houver nova informação sobre redistribuição
A7: =IF(F7="","","DEC-"&TEXT(ROW()-3,"000")) -> DEC-004 | B7: 1 | C7: Resposta técnica ainda ativa | D7: Token revogado, acessos avaliados, monitoramento reforçado | E7: Manter resposta ativa vs. encerrar com pendências registradas | F7: Encerrar resposta técnica ativa; manter comunicação e monitoramento como pendências | G7: Condições mínimas de encerramento satisfeitas; risco residual não elimina necessidade de acompanhamento | H7: Líder IR (aprovado por CISO) | I7: EVD-005; EVD-006 | J7: 20/10/2026 14h00 | K7: Reabrir se houver evidência de redistribuição ou novo acesso
A8: =IF(F8="","","DEC-"&TEXT(ROW()-3,"000"))
A9: =IF(F9="","","DEC-"&TEXT(ROW()-3,"000"))
A10: =IF(F10="","","DEC-"&TEXT(ROW()-3,"000"))
A11: =IF(F11="","","DEC-"&TEXT(ROW()-3,"000"))
A12: =IF(F12="","","DEC-"&TEXT(ROW()-3,"000"))
A13: =IF(F13="","","DEC-"&TEXT(ROW()-3,"000"))
A14: =IF(F14="","","DEC-"&TEXT(ROW()-3,"000"))
A15: =IF(F15="","","DEC-"&TEXT(ROW()-3,"000"))
A16: =IF(F16="","","DEC-"&TEXT(ROW()-3,"000"))
A17: =IF(F17="","","DEC-"&TEXT(ROW()-3,"000"))
A18: =IF(F18="","","DEC-"&TEXT(ROW()-3,"000"))
A19: =IF(F19="","","DEC-"&TEXT(ROW()-3,"000"))
... A23: =IF(F23="","","DEC-"&TEXT(ROW()-3,"000"))

Sheet Gestao_Evidencias
A1: Gestão de Evidências
A2: EXEMPLO FICTÍCIO — INC-2026-001 — SOMENTE TREINAMENTO (Aurora Comércio Digital S.A., controladora fictícia)
A3: ID da Evidência | B3: Descrição | C3: Origem | D3: Data da Coleta | E3: Responsável | F3: Local de Armazenamento Seguro | G3: Integridade Verificada | H3: Hash (quando aplicável) | I3: Histórico de Custódia | J3: Restrições de Acesso
A4: =IF(B4="","","EVD-"&TEXT(ROW()-3,"000")) -> EVD-001 | B4: Alerta bruto de login privilegiado atípico (E01) | C4: SIEM / IdP | D4: 19/10/2026 09h15 | E4: SOC | F4: Repositório de evidências do SOC (ambiente interno restrito) | G4: Sim | H4: Não aplicável no exercício — nunca inventar hash real | I4: SOC → Analista forense | J4: Acesso restrito à equipe de IR
A5: =IF(B5="","","EVD-"&TEXT(ROW()-3,"000")) -> EVD-002 | B5: Logs de consulta indevida a 200 registros (E02) | C5: CRM | D5: 19/10/2026 09h28 | E5: Analista forense | F5: Cópia somente leitura, ambiente interno restrito | G5: Sim | H5: Não aplicável no exercício | I5: Analista forense | J5: Acesso restrito à equipe de IR e encarregado
A6: =IF(B6="","","EVD-"&TEXT(ROW()-3,"000")) -> EVD-003 | B6: Histórico de bloqueio de conta e troca de credencial (E03) | C6: IdP | D6: 19/10/2026 09h36 | E6: IAM | F6: Repositório de mudanças do IAM | G6: Sim | H6: Não aplicável no exercício | I6: IAM | J6: Acesso restrito à equipe de IR
A7: =IF(B7="","","EVD-"&TEXT(ROW()-3,"000")) -> EVD-004 | B7: Logs de exportação via API e resposta do operador (E04–E06) | C7: CRM / API | D7: 19/10/2026 10h48–11h00 | E7: Analista forense | F7: Repositório de evidências do SOC | G7: Sim | H7: Não aplicável no exercício | I7: Analista forense | J7: Acesso restrito à equipe de IR, encarregado e Jurídico
A8: =IF(B8="","","EVD-"&TEXT(ROW()-3,"000")) -> EVD-005 | B8: Log de revogação do token (E07) | C8: API | D8: 19/10/2026 11h07 | E8: IAM | F8: Repositório de mudanças do IAM | G8: Sim | H8: Não aplicável no exercício | I8: IAM | J8: Acesso restrito à equipe de IR
A9: =IF(B9="","","EVD-"&TEXT(ROW()-3,"000")) -> EVD-006 | B9: Verificação de outros tokens e hipóteses de phishing (E08–E09) | C9: IdP / e-mail / CRM | D9: 19/10/2026 15h00 | E9: Analista forense | F9: Repositório de evidências do SOC | G9: Parcial | H9: Não aplicável no exercício | I9: Analista forense | J9: Acesso restrito à equipe de IR e encarregado
A10: =IF(B10="","","EVD-"&TEXT(ROW()-3,"000"))
A11: =IF(B11="","","EVD-"&TEXT(ROW()-3,"000"))
A12: =IF(B12="","","EVD-"&TEXT(ROW()-3,"000"))
A13: =IF(B13="","","EVD-"&TEXT(ROW()-3,"000"))
A14: =IF(B14="","","EVD-"&TEXT(ROW()-3,"000"))
A15: =IF(B15="","","EVD-"&TEXT(ROW()-3,"000"))
A16: =IF(B16="","","EVD-"&TEXT(ROW()-3,"000"))
A17: =IF(B17="","","EVD-"&TEXT(ROW()-3,"000"))
A18: =IF(B18="","","EVD-"&TEXT(ROW()-3,"000"))
A19: =IF(B19="","","EVD-"&TEXT(ROW()-3,"000"))
A20: =IF(B20="","","EVD-"&TEXT(ROW()-3,"000"))
A21: =IF(B21="","","EVD-"&TEXT(ROW()-3,"000"))
... A23: =IF(B23="","","EVD-"&TEXT(ROW()-3,"000"))

Sheet Plano_Acoes
A1: Plano de Ações
A2: EXEMPLO FICTÍCIO — INC-2026-001 — SOMENTE TREINAMENTO (Aurora Comércio Digital S.A., controladora fictícia)
A3: ID da Ação | B3: Ação | C3: Tipo | D3: Waypoint Relacionado | E3: Ciclo DAIR | F3: Prioridade | G3: Responsável | H3: Prazo | I3: Status | J3: Evidência de Conclusão (ID) | K3: Dependências
A4: =IF(B4="","","ACA-"&TEXT(ROW()-3,"000")) -> ACA-001 | B4: Revogar token de API utilizado no acesso indevido | C4: Contenção | D4: Contain | E4: CIC-02 | F4: Crítica | G4: IAM | H4: 19/10/2026 | I4: Concluída | J4: EVD-005 | K4: Confirmação de E04
A5: =IF(B5="","","ACA-"&TEXT(ROW()-3,"000")) -> ACA-002 | B5: Investigar persistência do atacante em outros tokens e sessões | C5: Investigação | D5: Eradicate | E5: CIC-02 | F5: Alta | G5: Analista forense | H5: 19/10/2026 | I5: Concluída | J5: EVD-006 | K5: Revogação do token principal
A6: =IF(B6="","","ACA-"&TEXT(ROW()-3,"000")) -> ACA-003 | B6: Reavaliar risco aos titulares após exportação confirmada | C6: Comunicação | D6: Scope | E6: CIC-02 | F6: Crítica | G6: Encarregado | H6: 19/10/2026 | I6: Concluída | J6: DEC-003 | K6: Confirmação de E05/E06
A7: =IF(B7="","","ACA-"&TEXT(ROW()-3,"000")) -> ACA-004 | B7: Implementar revogação automática de sessões/tokens após bloqueio de identidade | C7: Corretiva | D7: Debrief | F7: Crítica | G7: IAM | H7: A definir pela organização | I7: Não iniciada | K7: Debrief concluído
A8: =IF(B8="","","ACA-"&TEXT(ROW()-3,"000")) -> ACA-005 | B8: Reduzir privilégios de exportação da conta de suporte | C8: Corretiva | D8: Debrief | F8: Alta | G8: Dono do CRM | H8: A definir pela organização | I8: Não iniciada | K8: Debrief concluído
A9: =IF(B9="","","ACA-"&TEXT(ROW()-3,"000")) -> ACA-006 | B9: Implementar alertas de exportação em massa no SIEM | C9: Corretiva | D9: Debrief | F9: Alta | G9: SOC | H9: A definir pela organização | I9: Não iniciada | K9: Debrief concluído
A10: =IF(B10="","","ACA-"&TEXT(ROW()-3,"000"))
A11: =IF(B11="","","ACA-"&TEXT(ROW()-3,"000"))
A12: =IF(B12="","","ACA-"&TEXT(ROW()-3,"000"))
A13: =IF(B13="","","ACA-"&TEXT(ROW()-3,"000"))
A14: =IF(B14="","","ACA-"&TEXT(ROW()-3,"000"))
A15: =IF(B15="","","ACA-"&TEXT(ROW()-3,"000"))
A16: =IF(B16="","","ACA-"&TEXT(ROW()-3,"000"))
A17: =IF(B17="","","ACA-"&TEXT(ROW()-3,"000"))
A18: =IF(B18="","","ACA-"&TEXT(ROW()-3,"000"))
A19: =IF(B19="","","ACA-"&TEXT(ROW()-3,"000"))
A20: =IF(B20="","","ACA-"&TEXT(ROW()-3,"000"))
A21: =IF(B21="","","ACA-"&TEXT(ROW()-3,"000"))
... A23: =IF(B23="","","ACA-"&TEXT(ROW()-3,"000"))

Sheet Painel
A1: Painel de Acompanhamento
A2: EXEMPLO FICTÍCIO — INC-2026-001 — SOMENTE TREINAMENTO (Aurora Comércio Digital S.A., controladora fictícia)
A3: Situação geral do incidente | B3: =IFERROR(Cadastro_Incidente!B12,"Não informado") -> Resposta técnica encerrada; acompanhamento regulatório em curso | C3: Replica a situação atual cadastrada.
A4: Ações pendentes (não concluídas) | B4: =COUNTIFS(Plano_Acoes!B4:B200,"<>",Plano_Acoes!I4:I200,"<>Concluída",Plano_Acoes!I4:I200,"<>Cancelada") -> 3 | C4: Conta ações com descrição preenchida cujo status não é Concluída nem Cancelada.
A5: Ações concluídas | B5: =COUNTIF(Plano_Acoes!I4:I200,"Concluída") -> 3
A6: Decisões registradas | B6: =COUNTIF(Registro_Decisoes!F4:F200,"<>") -> 4 | C6: Conta linhas com Decisão Adotada preenchida.
A7: Quantidade de reavaliações (versões de decisão > 1) | B7: =COUNTIF(Registro_Decisoes!B4:B200,">1") -> 0 | C7: Depende do preenchimento numérico da coluna Versão.
A8: Eventos registrados na linha do tempo | B8: =COUNTIF(Linha_do_Tempo!C4:C200,"<>") -> 10 | C8: Conta linhas com Fato Observado preenchido.
A9: Ciclos DAIR distintos identificados | B9: =SUMPRODUCT((Linha_do_Tempo!G4:G200<>"")/COUNTIF(Linha_do_Tempo!G4:G200,Linha_do_Tempo!G4:G200&"")) -> 2 | C9: Estimativa; revisar manualmente em caso de inconsistência de preenchimento.
A10: Evidências registradas | B10: =COUNTIF(Gestao_Evidencias!B4:B200,"<>") -> 6 | C10: Conta linhas com Descrição preenchida.
A11: Evidências com integridade não verificada ou não informada | B11: =COUNTIFS(Gestao_Evidencias!B4:B200,"<>",Gestao_Evidencias!G4:G200,"<>Sim") -> 1 | C11: Inclui 'Não', 'Parcial', 'Não informado' e células em branco com Descrição preenchida.
A12: Tempo entre detecção e confirmação (cálculo de apoio) | B12: =IFERROR(TEXT(Cadastro_Incidente!B5-Cadastro_Incidente!B4,"[h]\h mm\m"),"Preencher datas no Cadastro") -> 0h 15m | C12: Cálculo de apoio; não substitui indicador oficial de tempo de resposta.
A13: Pendências de privacidade e comunicação | B13: ="Consultar Instrumento 2 — avaliação de risco e decisão de comunicação" -> Consultar Instrumento 2 — avaliação de risco e decisão de comunicação | C13: Esta planilha não registra decisão regulatória.
